﻿<?xml version="1.0" encoding="utf-8"?>
<RoleModel xmlns:xsd="http://www.w3.org/2001/XMLSchema" xmlns:xsi="http://www.w3.org/2001/XMLSchema-instance" name="WorkerRole1" version="2.9.8999.45" xmlns="http://schemas.microsoft.com/ServiceHosting/2008/10/ServiceDefinition">
  <Startup>
    <Task commandLine="DiagnosticsPluginLauncher.exe" taskType="background" relativePath="plugins\Diagnostics">
      <Environment>
        <Variable name="IsEmulated" value="true" />
        <Variable name="RdModuleName" value="Diagnostics" />
        <Variable name="WaRoleType" value="WorkerRole" />
      </Environment>
    </Task>
  </Startup>
  <Runtime>
    <EntryPoint>
      <NetFxEntryPoint assemblyName="WorkerRole1.dll" targetFrameworkVersion="v4.0" />
    </EntryPoint>
  </Runtime>
  <Properties>
    <Property name="TargetFrameworkVersion" value="v4.5.1" />
    <Property name="OutputDir" value="C:\Users\iwona\KSR LABY\KSR_LAB12\AzureCloudService1\AzureCloudService1\obj\Release\WorkerRole1\" />
    <Property name="RoleTargetFramework" value="v4.5.1" />
    <Property name="SitePhysicalPath" value="" />
    <Property name="EntryPoint" value="WorkerRole1.dll" />
    <Property name="SourceDir" value="" />
    <Property name="RoleType" value="Worker" />
    <Property name="Platform" value="AnyCPU" />
    <Property name="RoleName" value="WorkerRole1" />
    <Property name="Configuration" value="Release" />
    <Property name="ProjectName" value="WorkerRole1" />
    <Property name="TargetRuntimeVersion" value="v4.0" />
  </Properties>
</RoleModel>